Prompt,Base Model Response,Fine-Tuned Model Response
"Transform the child's current content into a concise, age-appropriate, curriculum-aligned learning opportunity.

Grade: 4
Subject: Mathematics
State: California
Current content: A Fortnite player compares two landing locations by counting loot chests, estimating travel distance, and deciding which location is safer before the storm circle closes.

Include the relevant educational concept, a grade-appropriate explanation, a curriculum-aligned learning connection, one practice question, and its answer.","**Curriculum-Linked Learning Opportunity:**

**Concept:** Comparing Two Locations

**Grade:** 4

**Explanation:** This lesson focuses on comparing two locations using counting, estimation, and decision-making skills. It helps students understand how to make informed decisions based on available information.

**Curriculum-Aligned Learning Connection:** Students will learn to compare and contrast two locations by counting loot chests, estimating travel distances, and deciding which location is safer before the storm circle closes.

**Practice Question:** 

**Answer:** 
1. **Counting Loot Chests:** If the first location has 50 loot chests and the second location has 30 loot chests, how many more loot chests does the first location have compared to the second?
   - **Solution:** 20 loot chests (50 - 30 = 20)
   - **Explanation:** To find out how many more loot chests the first location has, subtract the number of loot chests in the second location from the number in the first location. This is a practical application of counting and subtraction.

2. **Estimating Travel Distance:** If it takes 1 minute to walk from one location to another, how long would it take to walk from the first location to the second location?","Educational concept: multiplication and equal groups

Grade-appropriate explanation: In this example, multiplication represents equal-sized groups and provides a faster way to calculate repeated addition.

Curriculum-aligned learning connection: For grade 4, this connects to the California Common Core State Standards by asking the learner to apply multiplication and equal groups to an authentic context. Organize repeated objects, players, ingredients, or resources from the content into equal groups.

Practice question: There are 12 groups with 7 items in each group. How many items are there in total?

Answer: 84"
"Transform the child's current content into a concise, age-appropriate, curriculum-aligned learning opportunity.

Grade: 5
Subject: Mathematics
State: Texas
Current content: A Minecraft tutorial shows how to build a castle wall using eight equal rows with twelve blocks in each row.

Include the relevant educational concept, a grade-appropriate explanation, a curriculum-aligned learning connection, one practice question, and its answer.","**Curriculum-Linked Learning Opportunity: Building a Castle Wall Using Blocks**

**Concept:** Understanding Patterns and Sequences

**Grade:** 5

**Content:** A Minecraft tutorial that teaches children how to build a castle wall using eight equal rows with twelve blocks in each row.

**Educational Concept:** This activity helps children understand patterns and sequences, which are fundamental concepts in mathematics.

**Grade Appropriate Explanation:** Minecraft is an engaging platform for teaching mathematical concepts through interactive games. By building a castle wall, children can visualize and understand how numbers and quantities change over time, which is a key aspect of understanding patterns and sequences.

**Curriculum-Aligned Learning Connection:** The Minecraft tutorial provides a practical example of how to apply mathematical principles in a real-world context. It demonstrates how to use patterns to predict outcomes and how to adjust strategies based on the results.

**Practice Question:** ""If you start with 12 blocks in the first row and increase the number of blocks by 2 each subsequent row, how many blocks will be in the 8th row?""

**Answer:** To find the number of blocks in the 8th row, we can use the formula for the nth term of an arithmetic sequence:

\[ a_n = a_1 + (n -","Educational concept: multiplication and equal groups

Grade-appropriate explanation: In this example, multiplication represents equal-sized groups and provides a faster way to calculate repeated addition.

Curriculum-aligned learning connection: For grade 5, this connects to the Texas Essential Knowledge and Skills by asking the learner to apply multiplication and equal groups to an authentic context. Organize repeated objects, players, ingredients, or resources from the content into equal groups.

Practice question: There are 12 groups with 7 items in each group. How many items are there in total?

Answer: 84"
"Transform the child's current content into a concise, age-appropriate, curriculum-aligned learning opportunity.

Grade: 6
Subject: Science
State: New York
Current content: A cooking video shows bread dough before and after yeast causes it to rise and explains why the dough becomes larger.

Include the relevant educational concept, a grade-appropriate explanation, a curriculum-aligned learning connection, one practice question, and its answer.","**Learning Opportunity: Understanding Bread Dough Rise**

**Concept:** The rise of bread is due to the action of yeast, which converts sugar into carbon dioxide gas, causing the dough to expand and rise.

**Grade Appropriate Explanation:** This concept is appropriate for students in the 6th grade because they are learning about the properties of matter and the effects of chemical reactions on physical properties.

**Curriculum-Aligned Learning Connection:** Students will understand that the rise of bread is a result of the yeast converting sugars into carbon dioxide gas, which then expands the dough.

**Practice Question:** ""What happens to the dough when you add yeast to it? Explain your reasoning.""

**Answer:** When you add yeast to the dough, it converts the sugar in the flour into carbon dioxide gas. As the gas bubbles rise, they expand the dough, creating a larger volume of air inside the dough. This expansion is what makes the dough rise.

**Explanation:** Yeast is a type of microorganism that produces carbon dioxide gas when it encounters sugar in the dough. This gas is released into the air, which then diffuses into the dough, causing it to expand and rise.","Educational concept: energy transfer

Grade-appropriate explanation: The key idea is that energy can move between objects or change form, such as from chemical energy into heat, light, sound, or motion.

Curriculum-aligned learning connection: For grade 6, this connects to the New York State Next Generation Learning Standards by asking the learner to apply energy transfer to an authentic context. Trace energy through cooking, machines, exercise, sunlight, electric devices, or moving objects in the content.

Practice question: When a stove heats a pan, what form of energy is transferred to the pan?

Answer: Thermal energy is transferred to the pan."
"Transform the child's current content into a concise, age-appropriate, curriculum-aligned learning opportunity.

Grade: 7
Subject: Mathematics
State: Florida
Current content: A basketball analysis video compares a player's successful shots with the total number of shots attempted from different areas of the court.

Include the relevant educational concept, a grade-appropriate explanation, a curriculum-aligned learning connection, one practice question, and its answer.","**Curriculum-Linked Learning Opportunity**

**Concept:** Understanding Proportional Relationships

**Grade Level:** 7

**Content:** A basketball analysis video compares a player's successful shots with the total number of shots attempted from different areas of the court.

**Educational Concept:** This lesson focuses on understanding proportional relationships, which are fundamental in mathematics and real-world applications.

**Grade Appropriate Explanation:** The video illustrates how the number of successful shots (y) can be directly related to the total number of shots attempted (x) in a basketball game. For example, if a player attempts 10 shots and scores 8 of them, the ratio of successful shots to total shots is 8/10 or 4/5. This relationship is crucial for understanding how changes in one variable affect another.

**Curriculum-Aligned Learning Connection:** Students will learn that proportional relationships can be represented graphically (e.g., a line where each unit increase in x corresponds to a unit increase in y) and algebraically (e.g., y = 4/5x). They will also understand that these relationships can be used to solve problems involving ratios and proportions.

**Practice Question:** 
A basketball player attempts 10 shots and scores 8 of them. What","Educational concept: linear relationships

Grade-appropriate explanation: The key idea is that a linear relationship has a constant rate of change, meaning one quantity changes by the same amount for each unit change in another quantity.

Curriculum-aligned learning connection: For grade 7, this connects to the Florida B.E.S.T. Standards by asking the learner to apply linear relationships to an authentic context. Model changing scores, distance, costs, resources, or time from the content with a linear equation.

Practice question: A score begins at 12 points and increases by 15 points per round. What is the score after 5 rounds?

Answer: 125"
"Transform the child's current content into a concise, age-appropriate, curriculum-aligned learning opportunity.

Grade: 5
Subject: Science
State: North Carolina
Current content: A science experiment tests how far a balloon-powered car travels when different amounts of air are added to the balloon.

Include the relevant educational concept, a grade-appropriate explanation, a curriculum-aligned learning connection, one practice question, and its answer.","**Concept:** The concept here revolves around the relationship between air pressure and distance traveled by a vehicle.

**Grade Appropriate Explanation:** This experiment demonstrates how changes in air pressure affect the distance a vehicle can travel. The more air inside the balloon, the farther the car can go.

**Curriculum-Aligned Learning Connection:** This activity connects to the standard that students should understand the effects of air pressure on objects moving through it. It also aligns with the standard that students should be able to measure distances using a ruler.

**Practice Question:** If the balloon contains 100 cubic centimeters of air, how far can the car travel?

**Answer:** To find out how far the car can travel, we need to use the formula for distance traveled by a vehicle under constant air pressure. The formula is:

\[ \text{Distance} = \text{Volume} \times \text{Pressure} \]

Given:
- Volume = 100 cubic centimeters
- Pressure = 1 atmosphere (which is approximately 14.7 psi)

Using the formula:

\[ \text{Distance} = 100 \, \text{cm}^3 \times 14.7 \, \text{psi} = 14","Educational concept: ecosystem interactions

Grade-appropriate explanation: In this example, organisms in an ecosystem depend on living and nonliving parts of their environment for energy, shelter, and survival.

Curriculum-aligned learning connection: For grade 5, this connects to the North Carolina Standard Course of Study by asking the learner to apply ecosystem interactions to an authentic context. Identify producers, consumers, habitats, food sources, or environmental changes visible in the content.

Practice question: What is one resource an animal in the scene may need from its habitat to survive?

Answer: A valid answer is food, water, shelter, space, or oxygen."
"Transform the child's current content into a concise, age-appropriate, curriculum-aligned learning opportunity.

Grade: 8
Subject: Science
State: California
Current content: An animal documentary explains how an octopus uses camouflage, flexible arms, and problem-solving behaviors to survive in the ocean.

Include the relevant educational concept, a grade-appropriate explanation, a curriculum-aligned learning connection, one practice question, and its answer.","**Concept:** Camouflage

**Grade Appropriate Explanation:** Octopuses are known for their incredible camouflage abilities. They use a combination of coloration, shape, and movement to blend into their surroundings, making them highly effective predators in the ocean.

**Curriculum-Aligned Learning Connection:** This concept ties directly into the California Science Standards for grades 8, focusing on marine life and ecology. It encourages students to understand the importance of camouflage in marine ecosystems and how it contributes to the survival of octopuses and other marine creatures.

**Practice Question:** ""An octopus has evolved to be highly camouflaged in its environment. How might this adaptation benefit the octopus in its habitat?""

**Answer:** The octopus's ability to blend in with its surroundings allows it to avoid predation and sneak up on prey without being detected. This adaptation is crucial for the octopus's survival, as it helps it avoid predators and access food sources that may be scarce in its environment.","Educational concept: adaptation and natural selection

Grade-appropriate explanation: The key idea is that adaptations are inherited traits that can improve an organism's ability to survive and reproduce in an environment.

Curriculum-aligned learning connection: For grade 8, this connects to the California Common Core State Standards by asking the learner to apply adaptation and natural selection to an authentic context. Use an organism's body structures or behaviors in the content to explain how it is suited to its environment.

Practice question: How could camouflage improve an animal's chance of survival?

Answer: Camouflage can help the animal avoid predators or approach prey without being detected."
"Transform the child's current content into a concise, age-appropriate, curriculum-aligned learning opportunity.

Grade: 9
Subject: English Language Arts
State: Texas
Current content: A news explainer presents two viewpoints about a proposal to replace an empty lot with a public community park.

Include the relevant educational concept, a grade-appropriate explanation, a curriculum-aligned learning connection, one practice question, and its answer.","**Curriculum-Linked Learning Opportunity**

**Concept:** Understanding Cause and Effect

**Grade Level:** 9

**Content:** A news explainer presents two viewpoints about a proposal to replace an empty lot with a public community park.

**Educational Concept:** The concept of cause and effect is introduced through the example of replacing an empty lot with a public park.

**Grade Appropriate Explanation:** This concept helps students understand that changes in one part of a system (like the empty lot) can lead to changes in another part (like the park), illustrating the idea that the replacement of one thing (the empty lot) can have a ripple effect on another thing (the park).

**Curriculum-Aligned Learning Connection:** Students will learn how changes in one area (the empty lot) can affect another area (the park). They will also understand that the replacement of one element (the empty lot) can lead to a broader impact (the park).

**Practice Question:** ""What is the cause-and-effect relationship between the empty lot and the proposed public community park?""

**Answer:** The empty lot was proposed as a solution to the problem of an empty lot. As a result, the proposal was made to replace the empty lot with a public community park.

**Explanation:** The empty","Educational concept: argument and evidence

Grade-appropriate explanation: A useful way to analyze this is that a strong argument presents a clear claim supported by relevant evidence and logical reasoning.

Curriculum-aligned learning connection: For grade 9, this connects to the Texas Essential Knowledge and Skills by asking the learner to apply argument and evidence to an authentic context. Evaluate recommendations, rankings, commentary, or opinions expressed in the content.

Practice question: What evidence would make one claim in the content more convincing?

Answer: Relevant data, examples, expert testimony, or direct observations would strengthen the claim."
"Transform the child's current content into a concise, age-appropriate, curriculum-aligned learning opportunity.

Grade: 7
Subject: Science
State: Florida
Current content: A robotics tutorial shows a sensor detecting an obstacle and sending a signal that makes the robot turn in a new direction.

Include the relevant educational concept, a grade-appropriate explanation, a curriculum-aligned learning connection, one practice question, and its answer.","**Curriculum-Linked Learning Opportunity:**

**Concept:** Understanding Motion and Control

**Grade:** 7

**Content:** A robotics tutorial demonstrates how sensors can detect obstacles and trigger a robot to turn in a new direction.

**Educational Concept:** The concept of motion and control is fundamental in understanding how robots interact with their environment. Sensors are used to detect changes in their surroundings, allowing the robot to adjust its path accordingly.

**Grade Appropriate Explanation:** In this lesson, students will learn about how sensors work and how they can be used to control a robot's movement. This skill is crucial for developing a robot that can navigate complex environments safely and efficiently.

**Curriculum-Aligned Learning Connection:** Students will apply their knowledge of sensors to build a simple robot that can detect obstacles and turn in a new direction. This hands-on experience will help them understand the importance of sensors in robotics and how they can be integrated into various applications.

**Practice Question:** ""Imagine you have a robot that needs to navigate through a maze. How would you use a sensor to detect an obstacle and turn in a new direction?""

**Answer:** To solve this problem, the robot would need to use a sensor to detect the presence of an obstacle. Once it detects an obstacle, the robot","Educational concept: energy transfer

Grade-appropriate explanation: The key idea is that energy can move between objects or change form, such as from chemical energy into heat, light, sound, or motion.

Curriculum-aligned learning connection: For grade 7, this connects to the Florida B.E.S.T. Standards by asking the learner to apply energy transfer to an authentic context. Trace energy through cooking, machines, exercise, sunlight, electric devices, or moving objects in the content.

Practice question: When a stove heats a pan, what form of energy is transferred to the pan?

Answer: Thermal energy is transferred to the pan."
"Transform the child's current content into a concise, age-appropriate, curriculum-aligned learning opportunity.

Grade: 6
Subject: Social Studies
State: New York
Current content: A travel vlog follows a train through several cities and shows maps, travel times, rivers, mountains, and major stations.

Include the relevant educational concept, a grade-appropriate explanation, a curriculum-aligned learning connection, one practice question, and its answer.","**Concept:** Understanding Geography and Transportation

**Grade:** 6

**Explanation:** In this vlog, the child learns about the geography of New York City and how trains navigate through various cities. The map shows the city's layout, including major stations, rivers, and mountain ranges. This concept helps children understand the interconnectedness of different regions and the importance of transportation in connecting them.

**Curriculum-Aligned Learning Connection:** Students will learn about the geographical features of New York City and how they are connected to other parts of the country and the world.

**Practice Question:** ""What is the name of the river that runs through the heart of New York City?""

**Answer:** The Hudson River runs through the heart of New York City.

**Explanation:** The child can use the map to find the Hudson River, which is a key feature of New York City. This practice question reinforces the child's understanding of the river's significance in the city's geography.","Educational concept: civic participation and rules

Grade-appropriate explanation: The key idea is that communities use rules, responsibilities, and decision-making processes to promote safety, fairness, and cooperation.

Curriculum-aligned learning connection: For grade 6, this connects to the New York State Next Generation Learning Standards by asking the learner to apply civic participation and rules to an authentic context. Connect rules, teamwork, moderation, leadership, or conflict resolution in the content to civic life.

Practice question: What is one reason a community or online game needs shared rules?

Answer: Shared rules can promote fairness, safety, cooperation, and predictable consequences."
"Transform the child's current content into a concise, age-appropriate, curriculum-aligned learning opportunity.

Grade: 10
Subject: English Language Arts
State: North Carolina
Current content: A laptop review recommends one device over another using technical specifications, personal opinions, test results, and a sponsored promotion from one manufacturer.

Include the relevant educational concept, a grade-appropriate explanation, a curriculum-aligned learning connection, one practice question, and its answer.","**Learning Opportunity:**

**Concept:** Understanding Comparison and Contrast

**Grade:** 10

**Explanation:** In this lesson, students will learn how to compare and contrast two different products or ideas using technical specifications, personal opinions, and test results. This skill is crucial for understanding how different brands or products can perform similarly but differ in certain aspects.

**Curriculum-Aligned Learning Connection:** Students will use their knowledge of technology to evaluate the pros and cons of two laptops, considering factors such as performance, battery life, screen size, and price. They will also analyze the sponsored promotion from one manufacturer, which highlights specific features and benefits of each laptop.

**Practice Question:** ""Which laptop would you recommend based on your experience? Why?""

**Answer:** Based on my research, I would recommend the Dell Inspiron 15-3000 with a 15-inch screen and a price range of $299-$399. The laptop has a high-resolution display, supports Windows 7, and offers good battery life. However, it lacks the advanced features of the MacBook Air, which is priced at $499 and has a larger screen and better battery life. Additionally, the MacBook Air is more expensive and requires a separate keyboard and","Educational concept: argument and evidence

Grade-appropriate explanation: A useful way to analyze this is that a strong argument presents a clear claim supported by relevant evidence and logical reasoning.

Curriculum-aligned learning connection: For grade 10, this connects to the North Carolina Standard Course of Study by asking the learner to apply argument and evidence to an authentic context. Evaluate recommendations, rankings, commentary, or opinions expressed in the content.

Practice question: What evidence would make one claim in the content more convincing?

Answer: Relevant data, examples, expert testimony, or direct observations would strengthen the claim."
